Material,qtd_total,percentual_qtd,acumulado_qtd,curva_qtd,valor_total,percentual_valor,acumulado_valor,curva_valor,inicial_item,tipo_item,tipo_produto
SA0274,182141.68,3.68,3.68,A,1841451.81,3.85,9.0,A,SA,stretch,acabado
SA0192,177104.34,3.58,7.26,A,2458207.31,5.15,5.15,A,SA,stretch,acabado
SA0166,133912.94,2.71,9.969999999999999,A,1353859.51,2.83,14.790000000000001,A,SA,stretch,acabado
SA0191,117754.3,2.38,12.349999999999998,A,1413051.5999999999,2.96,11.96,A,SA,stretch,acabado
SA0163,71960.0,1.45,13.799999999999997,A,727515.48,1.52,17.900000000000002,A,SA,stretch,acabado
SE0024,69930.46,1.41,15.209999999999997,A,706996.74,1.48,19.380000000000003,A,SE,stretch,semiacabado
HA0338,69201.96,1.4,16.609999999999996,A,761221.56,1.59,16.380000000000003,A,HA,shrink,acabado
SA0469,66002.4,1.33,17.939999999999998,A,660024.0,1.38,20.76,B,SA,stretch,acabado
SA0164,62473.7,1.26,19.2,A,631609.37,1.32,24.76,B,SA,stretch,acabado
SA0528,61109.9,1.23,20.43,B,617820.98,1.29,27.37,B,SA,stretch,acabado
SA0357,59041.22,1.19,21.62,B,631150.62,1.32,26.080000000000002,B,SA,stretch,acabado
HA0007,58406.84,1.18,22.8,B,642475.24,1.34,22.1,B,HA,shrink,acabado
SA0033,56037.5,1.13,23.93,B,566539.24,1.19,28.560000000000002,B,SA,stretch,acabado
SA0091,53138.4,1.07,25.0,B,537229.13,1.12,31.990000000000002,B,SA,stretch,acabado
SA0193,52452.85,1.06,26.06,B,530298.41,1.11,33.1,B,SA,stretch,acabado
SA0215,52359.28,1.06,27.119999999999997,B,641924.65,1.34,23.44,B,SA,stretch,acabado
SA0157,51430.9,1.04,28.159999999999997,B,519966.28,1.09,34.190000000000005,B,SA,stretch,acabado
HA0069,51309.76,1.04,29.199999999999996,B,564407.36,1.18,29.740000000000002,B,HA,shrink,acabado
SA0566,46329.5,0.94,30.139999999999997,B,46329.5,0.1,94.21000000000002,C,SA,stretch,acabado
SA0127,45801.9,0.93,31.069999999999997,B,463057.22,0.97,37.190000000000005,B,SA,stretch,acabado
HA0410,45778.14,0.92,31.99,B,541097.62,1.13,30.87,B,HA,shrink,acabado
SA0175,45549.8,0.92,32.91,B,480094.8,1.0,36.220000000000006,B,SA,stretch,acabado
HA0328,44802.46,0.91,33.81999999999999,B,492827.06,1.03,35.220000000000006,B,HA,shrink,acabado
SA0564,42975.5,0.87,34.68999999999999,B,429755.0,0.9,39.93,B,SA,stretch,acabado
HA0475,40723.52,0.82,35.50999999999999,B,447958.72,0.94,38.13,B,HA,shrink,acabado
SA0108,40560.2,0.82,36.32999999999999,B,410063.57,0.86,43.41,B,SA,stretch,acabado
SA0309,39109.43,0.79,37.11999999999999,B,412213.36,0.86,42.55,B,SA,stretch,acabado
SA0092,38558.04,0.78,37.89999999999999,B,389821.72,0.82,45.89,B,SA,stretch,acabado
SA0168,37861.14,0.76,38.65999999999999,B,382776.06,0.8,46.69,B,SA,stretch,acabado
SA0026,37790.5,0.76,39.41999999999999,B,382062.11,0.8,47.489999999999995,B,SA,stretch,acabado
HA0625,37665.9,0.76,40.179999999999986,B,414324.9,0.87,41.69,B,HA,shrink,acabado
SA0211,37119.48,0.75,40.929999999999986,B,375649.4,0.79,49.87999999999999,B,SA,stretch,acabado
SA0153,36681.2,0.74,41.66999999999999,B,370847.08,0.78,50.65999999999999,C,SA,stretch,acabado
HC0028,36479.54,0.74,42.40999999999999,B,401274.94,0.84,44.25,B,HC,shrink,acabado
SA0110,35125.6,0.71,43.11999999999999,B,355119.82,0.74,51.39999999999999,C,SA,stretch,acabado
HA0364,34667.78,0.7,43.81999999999999,B,381345.58,0.8,49.08999999999999,B,HA,shrink,acabado
HA0242,32461.81,0.66,45.139999999999986,B,425898.96,0.89,40.82,B,HA,shrink,acabado
SA0541,31693.6,0.64,45.77999999999999,B,320422.31,0.67,53.51,C,SA,stretch,acabado
HA0363,28866.1,0.58,46.359999999999985,B,317527.1,0.66,54.169999999999995,C,HA,shrink,acabado
SA0087,28620.7,0.58,46.93999999999998,B,289355.33,0.61,56.67999999999999,C,SA,stretch,acabado
SA0259,28171.18,0.57,47.509999999999984,B,332419.98,0.7,52.839999999999996,C,SA,stretch,acabado
HA0668,27206.16,0.55,48.05999999999998,B,311510.57,0.65,54.81999999999999,C,HA,shrink,acabado
HA0740,26403.08,0.53,49.12999999999998,B,290433.88,0.61,56.06999999999999,C,HA,shrink,acabado
SZ0153,25485.84,0.51,49.63999999999998,B,257661.78,0.54,60.04999999999999,C,SZ,stretch,semiacabado
SA0531,25468.4,0.51,50.14999999999998,C,250863.85,0.53,60.57999999999999,C,SA,stretch,acabado
HA0438,24600.0,0.5,51.159999999999975,C,270600.0,0.57,58.39999999999999,C,HA,shrink,acabado
HA0752,24303.8,0.49,51.64999999999998,C,267341.8,0.56,58.959999999999994,C,HA,shrink,acabado
SA0305,24041.6,0.49,52.13999999999998,C,304607.1,0.64,55.459999999999994,C,SA,stretch,acabado
SA0308,23378.88,0.47,53.089999999999975,C,389959.72000000003,0.82,45.07,B,SA,stretch,acabado
SA0049,22555.7,0.46,54.92999999999998,C,246533.73,0.52,61.099999999999994,C,SA,stretch,acabado
SA0165,22317.66,0.45,55.829999999999984,C,225631.49,0.47,63.07999999999999,C,SA,stretch,acabado
SA0155,22135.26,0.45,56.27999999999999,C,223787.47999999998,0.47,63.54999999999999,C,SA,stretch,acabado
SA0232,22079.8,0.45,56.72999999999999,C,381759.74,0.8,48.28999999999999,B,SA,stretch,acabado
SZ0163,21730.51,0.44,57.16999999999999,C,220129.91999999998,0.46,64.92999999999998,C,SZ,stretch,semiacabado
HA0273,21630.14,0.44,57.609999999999985,C,237931.54,0.5,62.60999999999999,C,HA,shrink,acabado
SA0017,21309.5,0.43,58.039999999999985,C,213095.0,0.45,65.82999999999998,C,SA,stretch,acabado
SA0027,21205.51,0.43,58.469999999999985,C,214387.69,0.45,65.37999999999998,C,SA,stretch,acabado
SA0307,21141.8,0.43,58.899999999999984,C,354970.85,0.74,52.13999999999999,C,SA,stretch,acabado
SA0219,21104.8,0.43,59.329999999999984,C,261699.52,0.55,59.50999999999999,C,SA,stretch,acabado
SA0075,20461.44,0.41,59.73999999999998,C,206865.16,0.43,67.57999999999998,C,SA,stretch,acabado
SA0109,20379.3,0.41,60.14999999999998,C,206034.68,0.43,68.00999999999999,C,SA,stretch,acabado
SA0547,20118.6,0.41,60.96999999999997,C,432348.7,0.9,39.03,B,SA,stretch,acabado
SA0411,19855.9,0.4,61.36999999999997,C,198559.0,0.42,69.71000000000001,C,SA,stretch,acabado
HA0101,19041.62,0.38,61.74999999999997,C,209457.82,0.44,66.70999999999998,C,HA,shrink,acabado
SA0248,18460.36,0.37,62.48999999999997,C,152298.06,0.32,76.12999999999998,C,SA,stretch,acabado
HA0217,18420.92,0.37,62.859999999999964,C,221603.66999999998,0.46,64.00999999999999,C,HA,shrink,acabado
SA0532,17895.2,0.36,63.95999999999996,C,183067.84,0.38,71.30000000000001,C,SA,stretch,acabado
SA0118,17603.82,0.36,64.31999999999996,C,207901.13999999998,0.44,67.14999999999998,C,SA,stretch,acabado
HA0284,17309.86,0.35,64.66999999999996,C,190408.46,0.4,70.92000000000002,C,HA,shrink,acabado
HA0999,16497.29,0.33,65.32999999999996,C,220733.69,0.46,64.46999999999998,C,HA,shrink,acabado
SA0347,16492.92,0.33,65.65999999999995,C,166743.47,0.35,73.46,C,SA,stretch,acabado
SA0078,15999.0,0.32,65.97999999999995,C,161749.96,0.34,74.83,C,SA,stretch,acabado
HA0828,15731.5,0.32,66.29999999999994,C,173046.5,0.36,72.41000000000001,C,HA,shrink,acabado
SA0053,15582.3,0.31,66.60999999999994,C,157537.04,0.33,75.16,C,SA,stretch,acabado
HA0864,15314.82,0.31,66.91999999999994,C,178877.05,0.37,72.05000000000001,C,HA,shrink,acabado
HA0005,15042.46,0.3,67.21999999999994,C,165467.07,0.35,73.80999999999999,C,HA,shrink,acabado
HA0290,14953.32,0.3,67.51999999999994,C,164486.52000000002,0.34,74.14999999999999,C,HA,shrink,acabado
SA0125,14748.0,0.3,67.81999999999994,C,149102.27,0.31,76.43999999999998,C,SA,stretch,acabado
HA0428,14741.64,0.3,68.11999999999993,C,162158.04,0.34,74.49,C,HA,shrink,acabado
SA0525,14667.46,0.3,68.41999999999993,C,146674.6,0.31,76.74999999999999,C,SA,stretch,acabado
SA0441,14643.68,0.3,68.71999999999993,C,192125.04,0.4,70.52000000000001,C,SA,stretch,acabado
HA0154,14302.66,0.29,69.00999999999993,C,99403.5,0.21,84.93999999999998,C,HA,shrink,acabado
SA0292,14274.42,0.29,69.29999999999994,C,278065.72,0.58,57.25999999999999,C,SA,stretch,acabado
HA0023,14201.15,0.29,69.58999999999995,C,79384.43,0.17,88.90000000000003,C,HA,shrink,acabado
HA0656,14110.24,0.29,69.87999999999995,C,136869.36,0.29,78.52,C,HA,shrink,acabado
HA0298,13540.96,0.27,70.14999999999995,C,168043.32,0.35,73.11,C,HA,shrink,acabado
SA0325,13513.9,0.27,70.41999999999994,C,180005.16,0.38,71.68,C,SA,stretch,acabado
SA0561,13513.9,0.27,70.68999999999994,C,135139.0,0.28,79.08,C,SA,stretch,acabado
SA0154,13433.7,0.27,70.95999999999994,C,135814.7,0.28,78.8,C,SA,stretch,acabado
SA0579,13212.7,0.27,71.22999999999993,C,273899.27,0.57,57.82999999999999,C,SA,stretch,acabado
HA0473,13176.77,0.27,71.49999999999993,C,144944.47,0.3,77.04999999999998,C,HA,shrink,acabado
SA0188,13101.6,0.26,72.02999999999993,C,154598.88,0.32,75.80999999999999,C,SA,stretch,acabado
HA0281,13101.5,0.26,72.28999999999994,C,144116.5,0.3,77.34999999999998,C,HA,shrink,acabado
SA0034,13014.6,0.26,72.54999999999994,C,131577.62,0.28,79.64,C,SA,stretch,acabado
SA0212,12926.04,0.26,72.80999999999995,C,245465.51,0.51,61.60999999999999,C,SA,stretch,acabado
HA0648,12793.48,0.26,73.06999999999995,C,202137.03,0.42,69.29,C,HA,shrink,acabado
HA0006,12223.54,0.25,73.82999999999996,C,134458.94,0.28,79.36,C,HA,shrink,acabado
SZ0256,11980.8,0.24,74.06999999999995,C,86741.0,0.18,86.63999999999999,C,SZ,stretch,semiacabado
SZ0257,11926.92,0.24,74.30999999999995,C,119269.2,0.25,80.66000000000001,C,SZ,stretch,semiacabado
SA0065,11506.7,0.23,74.77999999999994,C,115067.0,0.24,81.15,C,SA,stretch,acabado
SA0132,11300.6,0.23,75.00999999999995,C,142726.61,0.3,77.64999999999998,C,SA,stretch,acabado
SA0067,11123.7,0.22,75.44999999999995,C,112460.59,0.24,81.63,C,SA,stretch,acabado
SA0546,11098.6,0.22,75.66999999999994,C,117534.18,0.25,80.91000000000001,C,SA,stretch,acabado
SE0060,11088.0,0.22,75.88999999999994,C,110880.02,0.23,82.09,C,SE,stretch,semiacabado
HA0314,10980.0,0.22,76.10999999999994,C,137908.8,0.29,78.22999999999999,C,HA,shrink,acabado
SA0322,10972.88,0.22,76.32999999999994,C,239208.78,0.5,62.10999999999999,C,SA,stretch,acabado
SE0061,10730.19,0.22,76.76999999999994,C,107301.90000000001,0.22,82.77000000000001,C,SE,stretch,semiacabado
SA0233,10543.1,0.21,77.19999999999993,C,203376.4,0.43,68.87,C,SA,stretch,acabado
HA0548,10477.46,0.21,77.61999999999992,C,104774.6,0.22,83.65,C,HA,shrink,acabado
SA0291,10447.68,0.21,77.82999999999991,C,204670.03,0.43,68.44,C,SA,stretch,acabado
SA0151,10191.2,0.21,78.0399999999999,C,103033.06,0.22,84.09,C,SA,stretch,acabado
SA0031,10162.2,0.21,78.2499999999999,C,102841.45,0.22,84.31,C,SA,stretch,acabado
HA0474,10118.24,0.2,78.4499999999999,C,111300.64,0.23,81.86,C,HA,shrink,acabado
SA0190,9975.4,0.2,79.04999999999991,C,100851.29000000001,0.21,84.72999999999999,C,SA,stretch,acabado
HA0354,9963.84,0.2,79.24999999999991,C,109602.23999999999,0.23,82.32000000000001,C,HA,shrink,acabado
HA1174,9708.84,0.2,79.64999999999992,C,113399.24,0.24,81.39,C,HA,shrink,acabado
HA0160,9679.5,0.2,79.84999999999992,C,106474.5,0.22,82.99000000000001,C,HA,shrink,acabado
HA0324,9632.26,0.19,80.03999999999992,C,105954.86,0.22,83.21000000000001,C,HA,shrink,acabado
HA0043,9537.13,0.19,80.22999999999992,C,104908.43,0.22,83.43,C,HA,shrink,acabado
SA0123,9196.4,0.19,80.98999999999991,C,108517.52,0.23,82.55000000000001,C,SA,stretch,acabado
SA0084,9162.9,0.19,81.17999999999991,C,92636.94,0.19,85.51999999999998,C,SA,stretch,acabado
HA0761,9160.22,0.19,81.3699999999999,C,104334.89,0.22,83.87,C,HA,shrink,acabado
SA0012,9026.5,0.18,81.54999999999991,C,91257.91,0.19,85.70999999999998,C,SA,stretch,acabado
SA0321,8696.6,0.18,81.72999999999992,C,193673.25,0.41,70.12,C,SA,stretch,acabado
SA0195,8476.13,0.17,81.89999999999992,C,85693.7,0.18,87.0,C,SA,stretch,acabado
HA0811,8425.6,0.17,82.23999999999992,C,92681.59999999999,0.19,85.32999999999998,C,HA,shrink,acabado
SA0361,8411.8,0.17,82.40999999999993,C,85043.33,0.18,87.18,C,SA,stretch,acabado
HA0237,8400.82,0.17,82.57999999999993,C,58301.72,0.12,92.01000000000003,C,HA,shrink,acabado
SA0294,8368.88,0.17,82.74999999999993,C,139425.53,0.29,77.93999999999998,C,SA,stretch,acabado
SA0002,8259.04,0.17,82.91999999999993,C,83251.16,0.17,87.71000000000002,C,SA,stretch,acabado
SA0111,8225.7,0.17,83.25999999999993,C,83161.83,0.17,87.88000000000002,C,SA,stretch,acabado
SE0062,8173.95,0.17,83.42999999999994,C,81739.5,0.17,88.56000000000003,C,SE,stretch,semiacabado
SZ0357,8158.34,0.16,83.58999999999993,C,82480.85,0.17,88.22000000000003,C,SZ,stretch,semiacabado
HA0066,8123.98,0.16,83.74999999999993,C,121940.95,0.26,80.16000000000001,C,HA,shrink,acabado
SA0152,8097.5,0.16,83.90999999999993,C,81865.70999999999,0.17,88.39000000000003,C,SA,stretch,acabado
HA0025,8074.48,0.16,84.06999999999992,C,88819.28,0.19,85.89999999999998,C,HA,shrink,acabado
HA0565,8026.21,0.16,84.38999999999992,C,55701.91,0.12,92.61000000000006,C,HA,shrink,acabado
HA0544,7999.46,0.16,84.54999999999991,C,87994.06,0.18,86.45999999999998,C,HA,shrink,acabado
SA0569,7822.4,0.16,84.70999999999991,C,155352.87,0.33,75.49,C,SA,stretch,acabado
HA0156,7817.9,0.16,84.8699999999999,C,54334.39,0.11,92.95000000000006,C,HA,shrink,acabado
SZ0162,7761.46,0.16,85.0299999999999,C,78313.11,0.16,89.39000000000003,C,SZ,stretch,semiacabado
HA0401,7681.26,0.16,85.1899999999999,C,84493.86,0.18,87.54000000000002,C,HA,shrink,acabado
SE0019,7590.53,0.15,85.3399999999999,C,78941.52,0.17,89.07000000000004,C,SE,stretch,semiacabado
HA0022,7548.76,0.15,85.48999999999991,C,83036.36,0.17,88.05000000000003,C,HA,shrink,acabado
SA0260,7486.7,0.15,85.63999999999992,C,88417.94,0.19,86.27999999999997,C,SA,stretch,acabado
SA0301,7429.5,0.15,85.78999999999992,C,123404.0,0.26,79.9,C,SA,stretch,acabado
SA0282,7309.18,0.15,85.93999999999993,C,74188.18,0.16,90.19000000000001,C,SA,stretch,acabado
HA0071,7150.98,0.14,86.07999999999993,C,78660.78,0.16,89.23000000000003,C,HA,shrink,acabado
HA0601,7115.26,0.14,86.21999999999993,C,71152.6,0.15,90.94000000000004,C,HA,shrink,acabado
SA0170,7089.7,0.14,86.35999999999993,C,71676.87,0.15,90.49000000000002,C,SA,stretch,acabado
SA0001,7080.03,0.14,86.49999999999993,C,71437.49,0.15,90.79000000000003,C,SA,stretch,acabado
SA0056,7075.7,0.14,86.63999999999993,C,71535.32,0.15,90.64000000000003,C,SA,stretch,acabado
HE0044,7075.41,0.14,86.77999999999993,C,88513.43000000001,0.19,86.08999999999997,C,HE,shrink,semiacabado
SA0243,6982.94,0.14,86.91999999999993,C,70457.88,0.15,91.09000000000005,C,SA,stretch,acabado
SA0140,6933.66,0.14,87.05999999999993,C,169597.38,0.35,72.76,C,SA,stretch,acabado
HA0024,6782.66,0.14,87.19999999999993,C,77932.77,0.16,89.55000000000003,C,HA,shrink,acabado
SZ0091,6536.5,0.13,87.32999999999993,C,66084.03,0.14,91.23000000000005,C,SZ,stretch,semiacabado
SZ0193,6479.91,0.13,87.45999999999992,C,64799.1,0.14,91.37000000000005,C,SZ,stretch,semiacabado
SA0318,6426.6,0.13,87.58999999999992,C,212013.56,0.44,66.26999999999998,C,SA,stretch,acabado
HA0303,6205.78,0.13,87.71999999999991,C,31711.55,0.07,96.73999999999998,C,HA,shrink,acabado
SA0136,6090.22,0.12,88.08999999999992,C,71925.49,0.15,90.34000000000002,C,SA,stretch,acabado
SA0558,5918.75,0.12,88.56999999999994,C,5918.75,0.01,99.71000000000001,C,SA,stretch,acabado
SA0315,5852.1,0.12,88.68999999999994,C,120845.87,0.25,80.41000000000001,C,SA,stretch,acabado
SA0145,5777.06,0.12,89.04999999999995,C,77181.51,0.16,89.71000000000002,C,SA,stretch,acabado
HA0747,5677.62,0.11,89.15999999999995,C,31737.91,0.07,96.66999999999999,C,HA,shrink,acabado
HA0810,5645.9,0.11,89.26999999999995,C,62104.899999999994,0.13,91.50000000000004,C,HA,shrink,acabado
SA0319,5552.6,0.11,89.37999999999995,C,51528.13,0.11,93.61000000000006,C,SA,stretch,acabado
HC0011,5417.0,0.11,89.59999999999995,C,5417.0,0.01,99.73000000000002,C,HC,shrink,acabado
SA0042,5320.34,0.11,89.70999999999995,C,94223.23,0.2,85.13999999999999,C,SA,stretch,acabado
SA0028,5307.7,0.11,89.81999999999995,C,53660.840000000004,0.11,93.06000000000006,C,SA,stretch,acabado
SA0310,5196.58,0.1,89.91999999999994,C,86107.33,0.18,86.82,C,SA,stretch,acabado
HA0756,5180.0,0.1,90.01999999999994,C,56980.0,0.12,92.25000000000004,C,HA,shrink,acabado
HA0163,5149.8,0.1,90.11999999999993,C,56647.799999999996,0.12,92.37000000000005,C,HA,shrink,acabado
SA0047,5141.7,0.1,90.21999999999993,C,61597.56,0.13,91.63000000000004,C,SA,stretch,acabado
HA0378,5042.0,0.1,90.51999999999991,C,55462.0,0.12,92.73000000000006,C,HA,shrink,acabado
SA0297,5008.0,0.1,90.6199999999999,C,77173.29000000001,0.16,89.87000000000002,C,SA,stretch,acabado
HE0015,4982.62,0.1,90.7199999999999,C,61236.38,0.13,91.89000000000003,C,HE,shrink,semiacabado
SA0063,4906.07,0.1,90.8199999999999,C,51709.99,0.11,93.50000000000006,C,SA,stretch,acabado
SA0580,4734.0,0.1,91.01999999999988,C,102207.07,0.21,84.52,C,SA,stretch,acabado
SA0554,4719.6,0.1,91.11999999999988,C,81601.88,0.17,88.73000000000003,C,SA,stretch,acabado
HA0888,4709.58,0.1,91.21999999999987,C,51805.38,0.11,93.39000000000006,C,HA,shrink,acabado
HI0059,4614.0,0.09,91.30999999999987,C,55967.82,0.12,92.49000000000005,C,HI,shrink,acabado
SA0570,4487.6,0.09,91.39999999999988,C,61480.119999999995,0.13,91.76000000000003,C,SA,stretch,acabado
SA0270,4471.26,0.09,91.48999999999988,C,44444.33,0.09,94.58000000000003,C,SA,stretch,acabado
SA0210,4411.3,0.09,91.57999999999988,C,44598.25,0.09,94.49000000000002,C,SA,stretch,acabado
SA0032,4273.8,0.09,91.66999999999989,C,43208.119999999995,0.09,94.85000000000004,C,SA,stretch,acabado
HA0391,4220.74,0.09,91.75999999999989,C,46428.14,0.1,94.11000000000003,C,HA,shrink,acabado
SA0524,4195.3,0.08,91.83999999999989,C,41953.0,0.09,95.12000000000005,C,SA,stretch,acabado
SE0036,4164.78,0.08,91.91999999999989,C,42105.92,0.09,95.03000000000004,C,SE,stretch,semiacabado
HA0058,4159.31,0.08,91.99999999999989,C,45752.41,0.1,94.31000000000002,C,HA,shrink,acabado
HA0096,4125.8,0.08,92.07999999999988,C,47364.18,0.1,93.81000000000004,C,HA,shrink,acabado
SA0051,4102.46,0.08,92.15999999999988,C,46727.020000000004,0.1,93.91000000000004,C,SA,stretch,acabado
SZ0354,4009.4,0.08,92.23999999999988,C,40735.48,0.09,95.30000000000005,C,SZ,stretch,semiacabado
HC0009,4005.75,0.08,92.31999999999988,C,57041.88,0.12,92.13000000000004,C,HC,shrink,acabado
SZ0355,3995.95,0.08,92.39999999999988,C,40399.04,0.08,95.38000000000005,C,SZ,stretch,semiacabado
HA0559,3861.76,0.08,92.63999999999987,C,42479.36,0.09,94.94000000000004,C,HA,shrink,acabado
HA1060,3849.7,0.08,92.71999999999987,C,38497.0,0.08,95.78000000000004,C,HA,shrink,acabado
SA0207,3755.04,0.08,92.79999999999987,C,84713.7,0.18,87.36000000000001,C,SA,stretch,acabado
HA0253,3712.64,0.07,92.86999999999986,C,40839.04,0.09,95.21000000000005,C,HA,shrink,acabado
HA0320,3648.0,0.07,92.93999999999986,C,51874.55,0.11,93.28000000000006,C,HA,shrink,acabado
HC0015,3553.3,0.07,93.00999999999985,C,43776.64,0.09,94.76000000000003,C,HC,shrink,acabado
HA0485,3552.4,0.07,93.07999999999984,C,39076.4,0.08,95.54000000000005,C,HA,shrink,acabado
HA0521,3550.7,0.07,93.14999999999984,C,39057.7,0.08,95.62000000000005,C,HA,shrink,acabado
SA0331,3517.5,0.07,93.21999999999983,C,38833.2,0.08,95.70000000000005,C,SA,stretch,acabado
HA0283,3493.7,0.07,93.28999999999982,C,38430.7,0.08,95.86000000000004,C,HA,shrink,acabado
SE0006,3489.48,0.07,93.35999999999981,C,36639.54,0.08,96.18000000000004,C,SE,stretch,semiacabado
HA0323,3489.1,0.07,93.42999999999981,C,54674.2,0.11,92.84000000000006,C,HA,shrink,acabado
SA0326,3487.38,0.07,93.4999999999998,C,48300.19,0.1,93.71000000000005,C,SA,stretch,acabado
HA0062,3427.9,0.07,93.63999999999979,C,37706.9,0.08,95.94000000000004,C,HA,shrink,acabado
HC0053,3423.0,0.07,93.70999999999978,C,37653.0,0.08,96.02000000000004,C,HC,shrink,acabado
HE0020,3384.34,0.07,93.77999999999977,C,40172.12,0.08,95.46000000000005,C,HE,shrink,semiacabado
SA0208,3361.58,0.07,93.84999999999977,C,75164.93,0.16,90.03000000000002,C,SA,stretch,acabado
HA0392,3249.1,0.07,93.91999999999976,C,35740.1,0.07,96.32000000000002,C,HA,shrink,acabado
SA0311,3215.8,0.06,94.04999999999976,C,10387.03,0.02,99.01000000000002,C,SA,stretch,acabado
HA0047,3194.4,0.06,94.16999999999976,C,35138.4,0.07,96.39000000000001,C,HA,shrink,acabado
SA0515,3164.0,0.06,94.22999999999976,C,37366.86,0.08,96.10000000000004,C,SA,stretch,acabado
SA0298,3050.6,0.06,94.34999999999977,C,51982.21,0.11,93.17000000000006,C,SA,stretch,acabado
HA0606,3031.88,0.06,94.46999999999977,C,33350.68,0.07,96.46000000000001,C,HA,shrink,acabado
HA0370,2963.6,0.06,94.58999999999978,C,44276.16,0.09,94.67000000000003,C,HA,shrink,acabado
HA0203,2873.82,0.06,94.70999999999978,C,31612.02,0.07,96.80999999999997,C,HA,shrink,acabado
SA0557,2633.5,0.05,94.80999999999977,C,26335.0,0.06,97.11999999999998,C,SA,stretch,acabado
SA0440,2613.6,0.05,94.85999999999977,C,45136.880000000005,0.09,94.40000000000002,C,SA,stretch,acabado
SA0328,2558.1,0.05,94.95999999999977,C,32283.21,0.07,96.53,C,SA,stretch,acabado
SA0171,2542.9,0.05,95.00999999999976,C,25708.72,0.05,97.21999999999997,C,SA,stretch,acabado
SA0323,2540.6,0.05,95.05999999999976,C,31478.05,0.07,96.87999999999997,C,SA,stretch,acabado
HA0057,2509.08,0.05,95.15999999999976,C,27599.879999999997,0.06,96.93999999999997,C,HA,shrink,acabado
IS0090,2479.08,0.05,95.20999999999975,C,17998.14,0.04,98.01000000000002,C,IS,shrink,acabado
HA0805,2474.65,0.05,95.25999999999975,C,27221.13,0.06,97.05999999999997,C,HA,shrink,acabado
SZ0356,2470.04,0.05,95.30999999999975,C,24947.41,0.05,97.26999999999997,C,SZ,stretch,semiacabado
HA0131,2410.1,0.05,95.40999999999974,C,27451.04,0.06,96.99999999999997,C,HA,shrink,acabado
IZ0065,2397.84,0.05,95.45999999999974,C,20837.22,0.04,97.76999999999998,C,IZ,shrink,semiacabado
IH0002,2323.6,0.05,95.65999999999973,C,32042.43,0.07,96.6,C,IH,shrink,acabado
IS0046,2321.0,0.05,95.70999999999972,C,24625.809999999998,0.05,97.31999999999996,C,IS,shrink,acabado
SA0035,2271.4,0.05,95.80999999999972,C,22963.86,0.05,97.41999999999996,C,SA,stretch,acabado
SA0312,2219.2,0.04,95.89999999999972,C,23789.84,0.05,97.36999999999996,C,SA,stretch,acabado
SA0324,2190.4,0.04,95.93999999999973,C,46677.41,0.1,94.01000000000003,C,SA,stretch,acabado
HA0806,2013.7,0.04,96.01999999999974,C,22150.7,0.05,97.46999999999996,C,HA,shrink,acabado
HA0755,2003.24,0.04,96.05999999999975,C,22035.64,0.05,97.51999999999995,C,HA,shrink,acabado
SA0122,1997.5,0.04,96.13999999999976,C,25807.699999999997,0.05,97.16999999999997,C,SA,stretch,acabado
HA0452,1941.68,0.04,96.25999999999978,C,10853.99,0.02,98.91000000000004,C,HA,shrink,acabado
SA0278,1918.04,0.04,96.29999999999978,C,19353.02,0.04,97.80999999999999,C,SA,stretch,acabado
SZ0158,1913.76,0.04,96.33999999999979,C,19328.98,0.04,97.85,C,SZ,stretch,semiacabado
SA0565,1909.6,0.04,96.3799999999998,C,19096.0,0.04,97.93,C,SA,stretch,acabado
SA0005,1859.26,0.04,96.49999999999982,C,21883.48,0.05,97.56999999999995,C,SA,stretch,acabado
SA0107,1771.0,0.04,96.57999999999983,C,20915.5,0.04,97.72999999999998,C,SA,stretch,acabado
SA0036,1733.4,0.04,96.65999999999984,C,21182.15,0.04,97.64999999999996,C,SA,stretch,acabado
HC0012,1720.5,0.03,96.71999999999984,C,21230.97,0.04,97.60999999999996,C,HC,shrink,acabado
SZ0161,1713.52,0.03,96.74999999999984,C,17238.010000000002,0.04,98.09000000000003,C,SZ,stretch,semiacabado
SA0537,1675.5,0.03,96.83999999999985,C,16755.0,0.04,98.17000000000004,C,SA,stretch,acabado
HA0501,1646.0,0.03,96.86999999999985,C,18106.0,0.04,97.97000000000001,C,HA,shrink,acabado
IZ0064,1593.56,0.03,96.92999999999985,C,13848.04,0.03,98.59000000000006,C,IZ,shrink,semiacabado
SA0320,1582.2,0.03,96.95999999999985,C,35757.72,0.07,96.25000000000003,C,SA,stretch,acabado
HI0004,1554.0,0.03,96.98999999999985,C,19300.68,0.04,97.89,C,HI,shrink,acabado
IH0047,1511.5,0.03,97.10999999999986,C,10247.970000000001,0.02,99.05000000000001,C,IH,shrink,acabado
HA0816,1509.5,0.03,97.13999999999986,C,16604.5,0.03,98.20000000000005,C,HA,shrink,acabado
IS0076,1491.84,0.03,97.22999999999986,C,14918.4,0.03,98.41000000000005,C,IS,shrink,acabado
SA0008,1469.0,0.03,97.28999999999986,C,14807.52,0.03,98.47000000000006,C,SA,stretch,acabado
IH0045,1454.44,0.03,97.31999999999987,C,10821.04,0.02,98.93000000000004,C,IH,shrink,acabado
HA0558,1452.38,0.03,97.34999999999987,C,15976.179999999998,0.03,98.32000000000005,C,HA,shrink,acabado
HA0519,1401.5,0.03,97.49999999999987,C,16425.58,0.03,98.26000000000005,C,HA,shrink,acabado
SA0083,1391.38,0.03,97.52999999999987,C,14066.849999999999,0.03,98.53000000000006,C,SA,stretch,acabado
HA0095,1377.6,0.03,97.58999999999988,C,15153.6,0.03,98.38000000000005,C,HA,shrink,acabado
HA0036,1353.62,0.03,97.64999999999988,C,14889.82,0.03,98.44000000000005,C,HA,shrink,acabado
HE0045,1333.19,0.03,97.70999999999988,C,16544.89,0.03,98.23000000000005,C,HE,shrink,semiacabado
IH0039,1332.4,0.03,97.73999999999988,C,7647.97,0.02,99.46999999999993,C,IH,shrink,acabado
HA0004,1307.0,0.03,97.76999999999988,C,15213.48,0.03,98.35000000000005,C,HA,shrink,acabado
HA0508,1303.4,0.03,97.79999999999988,C,14337.4,0.03,98.50000000000006,C,HA,shrink,acabado
IS0089,1292.8,0.03,97.85999999999989,C,11648.12,0.02,98.85000000000005,C,IS,shrink,acabado
SA0143,1258.0,0.03,98.00999999999989,C,21071.5,0.04,97.68999999999997,C,SA,stretch,acabado
IS0044,1243.1,0.03,98.03999999999989,C,13027.69,0.03,98.68000000000006,C,IS,shrink,acabado
HA0877,1226.9,0.02,98.05999999999989,C,13495.9,0.03,98.62000000000006,C,HA,shrink,acabado
HC0045,1220.0,0.02,98.07999999999988,C,17629.0,0.04,98.05000000000003,C,HC,shrink,acabado
HC0027,1199.0,0.02,98.15999999999987,C,13189.0,0.03,98.65000000000006,C,HC,shrink,acabado
HC0002,1182.0,0.02,98.17999999999986,C,16902.6,0.04,98.13000000000004,C,HC,shrink,acabado
HA0777,1177.96,0.02,98.19999999999986,C,8186.820000000001,0.02,99.34999999999995,C,HA,shrink,acabado
SA0295,1163.17,0.02,98.25999999999985,C,16168.05,0.03,98.29000000000005,C,SA,stretch,acabado
SA0025,1156.9,0.02,98.29999999999984,C,11696.26,0.02,98.81000000000006,C,SA,stretch,acabado
HA0264,1143.36,0.02,98.33999999999983,C,12576.96,0.03,98.74000000000007,C,HA,shrink,acabado
SA0267,1102.48,0.02,98.37999999999982,C,11146.08,0.02,98.89000000000004,C,SA,stretch,acabado
SE0047,1065.5,0.02,98.39999999999982,C,6563.48,0.01,99.60999999999996,C,SE,stretch,semiacabado
HA0566,1063.2,0.02,98.41999999999982,C,11695.2,0.02,98.83000000000006,C,HA,shrink,acabado
HA0797,1026.4,0.02,98.45999999999981,C,14000.09,0.03,98.56000000000006,C,HA,shrink,acabado
HA0982,1000.84,0.02,98.4999999999998,C,10809.07,0.02,98.95000000000003,C,HA,shrink,acabado
HC0046,988.8,0.02,98.55999999999979,C,6506.3,0.01,99.62999999999997,C,HC,shrink,acabado
SA0327,974.3,0.02,98.57999999999979,C,11935.18,0.02,98.79000000000006,C,SA,stretch,acabado
SZ0159,973.82,0.02,98.59999999999978,C,9845.32,0.02,99.14999999999999,C,SZ,stretch,semiacabado
HA0608,966.8,0.02,98.61999999999978,C,10634.8,0.02,98.97000000000003,C,HA,shrink,acabado
SA0085,966.1,0.02,98.63999999999977,C,8405.07,0.02,99.28999999999996,C,SA,stretch,acabado
SA0174,915.4,0.02,98.67999999999977,C,9813.09,0.02,99.18999999999998,C,SA,stretch,acabado
SA0209,911.14,0.02,98.69999999999976,C,10496.32,0.02,98.99000000000002,C,SA,stretch,acabado
HA0269,906.5,0.02,98.71999999999976,C,12890.43,0.03,98.71000000000006,C,HA,shrink,acabado
HA0332,902.96,0.02,98.73999999999975,C,9932.56,0.02,99.13,C,HA,shrink,acabado
SA0052,898.2,0.02,98.75999999999975,C,9080.8,0.02,99.24999999999997,C,SA,stretch,acabado
HA0138,898.0,0.02,98.77999999999975,C,10353.939999999999,0.02,99.03000000000002,C,HA,shrink,acabado
SA0313,858.46,0.02,98.81999999999974,C,9082.48,0.02,99.22999999999998,C,SA,stretch,acabado
HA0357,856.25,0.02,98.83999999999973,C,11259.73,0.02,98.87000000000005,C,HA,shrink,acabado
IS0032,832.78,0.02,98.85999999999973,C,11992.03,0.03,98.77000000000007,C,IS,shrink,acabado
SZ0358,828.66,0.02,98.87999999999973,C,8071.15,0.02,99.36999999999995,C,SZ,stretch,semiacabado
SZ0390,786.75,0.02,98.89999999999972,C,7954.04,0.02,99.40999999999994,C,SZ,stretch,semiacabado
IH0056,781.82,0.02,98.91999999999972,C,7896.38,0.02,99.42999999999994,C,IH,shrink,acabado
HA0759,751.9,0.02,98.9799999999997,C,10240.88,0.02,99.09,C,HA,shrink,acabado
HA0061,714.3,0.01,98.99999999999972,C,7857.3,0.02,99.44999999999993,C,HA,shrink,acabado
SA0442,693.3,0.01,99.00999999999972,C,10094.45,0.02,99.11,C,SA,stretch,acabado
HA0064,678.6,0.01,99.01999999999973,C,9832.91,0.02,99.16999999999999,C,HA,shrink,acabado
IH0043,672.64,0.01,99.02999999999973,C,4210.73,0.01,99.84000000000007,C,IH,shrink,acabado
SA0162,664.1,0.01,99.03999999999974,C,6714.05,0.01,99.54999999999993,C,SA,stretch,acabado
SA0560,655.0,0.01,99.06999999999975,C,6550.0,0.01,99.61999999999996,C,SA,stretch,acabado
SA0182,650.5,0.01,99.08999999999976,C,6576.55,0.01,99.59999999999995,C,SA,stretch,acabado
HA0046,642.1,0.01,99.13999999999979,C,7063.1,0.01,99.53999999999992,C,HA,shrink,acabado
SA0359,641.5,0.01,99.14999999999979,C,7569.7,0.02,99.48999999999992,C,SA,stretch,acabado
SA0330,633.2,0.01,99.18999999999981,C,6401.65,0.01,99.65999999999998,C,SA,stretch,acabado
SA0523,622.5,0.01,99.21999999999983,C,6137.85,0.01,99.67999999999999,C,SA,stretch,acabado
SA0073,593.9,0.01,99.28999999999986,C,6123.11,0.01,99.69,C,SA,stretch,acabado
HA0904,592.4,0.01,99.29999999999987,C,8204.74,0.02,99.32999999999996,C,HA,shrink,acabado
HA0450,585.58,0.01,99.30999999999987,C,6441.38,0.01,99.63999999999997,C,HA,shrink,acabado
IS0034,582.0,0.01,99.31999999999988,C,8380.8,0.02,99.30999999999996,C,IS,shrink,acabado
HA0041,576.46,0.01,99.32999999999988,C,2363.49,0.0,99.94000000000013,C,HA,shrink,acabado
HA0571,573.38,0.01,99.33999999999989,C,8055.99,0.02,99.38999999999994,C,HA,shrink,acabado
IS0075,558.44,0.01,99.37999999999991,C,5584.4,0.01,99.72000000000001,C,IS,shrink,acabado
HE0028,556.0,0.01,99.38999999999992,C,6610.84,0.01,99.58999999999995,C,HE,shrink,semiacabado
HI0074,555.0,0.01,99.39999999999992,C,3102.45,0.01,99.91000000000011,C,HI,shrink,acabado
HI0073,550.5,0.01,99.40999999999993,C,3077.3,0.01,99.92000000000012,C,HI,shrink,acabado
HA0044,534.0,0.01,99.44999999999995,C,7395.9,0.02,99.52999999999992,C,HA,shrink,acabado
HA0570,533.24,0.01,99.45999999999995,C,7513.35,0.02,99.50999999999992,C,HA,shrink,acabado
HA0732,529.2,0.01,99.47999999999996,C,6408.62,0.01,99.64999999999998,C,HA,shrink,acabado
SA0500,512.5,0.01,99.50999999999998,C,5945.0,0.01,99.7,C,SA,stretch,acabado
SA0293,498.6,0.01,99.51999999999998,C,9702.76,0.02,99.20999999999998,C,SA,stretch,acabado
SZ0133,490.88,0.01,99.52999999999999,C,4962.8,0.01,99.75000000000003,C,SZ,stretch,semiacabado
HA0093,484.0,0.01,99.53999999999999,C,5324.0,0.01,99.74000000000002,C,HA,shrink,acabado
IH0033,481.44,0.01,99.55,C,4814.4,0.01,99.77000000000004,C,IH,shrink,acabado
IH0035,478.94,0.01,99.56,C,4789.4,0.01,99.78000000000004,C,IH,shrink,acabado
HC0068,475.0,0.01,99.58000000000001,C,6664.25,0.01,99.57999999999994,C,HC,shrink,acabado
IH0036,469.94,0.01,99.59000000000002,C,4699.4,0.01,99.80000000000005,C,IH,shrink,acabado
IS0093,465.5,0.01,99.60000000000002,C,4189.5,0.01,99.85000000000008,C,IS,shrink,acabado
IS0033,464.4,0.01,99.61000000000003,C,6687.36,0.01,99.55999999999993,C,IS,shrink,acabado
SA0003,458.0,0.01,99.62000000000003,C,4621.22,0.01,99.81000000000006,C,SA,stretch,acabado
HA0059,441.52,0.01,99.63000000000004,C,4856.72,0.01,99.76000000000003,C,HA,shrink,acabado
HA0433,432.4,0.01,99.64000000000004,C,4756.4,0.01,99.79000000000005,C,HA,shrink,acabado
HA0176,410.4,0.01,99.65000000000005,C,6250.39,0.01,99.66999999999999,C,HA,shrink,acabado
SA0296,404.8,0.01,99.66000000000005,C,10241.44,0.02,99.07000000000001,C,SA,stretch,acabado
SA0142,401.7,0.01,99.67000000000006,C,8524.07,0.02,99.26999999999997,C,SA,stretch,acabado
SA0144,399.0,0.01,99.68000000000006,C,6683.25,0.01,99.56999999999994,C,SA,stretch,acabado
IH0042,396.52,0.01,99.69000000000007,C,2482.22,0.01,99.94000000000013,C,IH,shrink,acabado
HA0737,369.4,0.01,99.72000000000008,C,4436.49,0.01,99.83000000000007,C,HA,shrink,acabado
SA0019,367.6,0.01,99.73000000000009,C,3716.44,0.01,99.8800000000001,C,SA,stretch,acabado
SA0137,352.1,0.01,99.7400000000001,C,3725.22,0.01,99.87000000000009,C,SA,stretch,acabado
HA0490,351.2,0.01,99.7500000000001,C,3863.2,0.01,99.86000000000008,C,HA,shrink,acabado
HA1000,315.93,0.01,99.7600000000001,C,4546.23,0.01,99.82000000000006,C,HA,shrink,acabado
SA0581,293.0,0.01,99.78000000000011,C,3709.39,0.01,99.8900000000001,C,SA,stretch,acabado
SA0551,288.5,0.01,99.79000000000012,C,288.5,0.0,99.94000000000013,C,SA,stretch,acabado
HC0005,264.18,0.01,99.81000000000013,C,3378.84,0.01,99.9000000000001,C,HC,shrink,acabado
SA0280,263.12,0.01,99.82000000000014,C,2031.29,0.0,99.94000000000013,C,SA,stretch,acabado
SA0106,255.94,0.01,99.83000000000014,C,2674.57,0.01,99.93000000000012,C,SA,stretch,acabado
HA0400,212.0,0.0,99.83000000000014,C,2213.28,0.0,99.94000000000013,C,HA,shrink,acabado
IH0005,192.76,0.0,99.83000000000014,C,1678.94,0.0,99.94000000000013,C,IH,shrink,acabado
IH0006,190.76,0.0,99.83000000000014,C,1665.34,0.0,99.94000000000013,C,IH,shrink,acabado
HA0896,147.84,0.0,99.83000000000014,C,147.84,0.0,99.94000000000013,C,HA,shrink,acabado
SZ0165,144.2,0.0,99.83000000000014,C,1519.87,0.0,99.94000000000013,C,SZ,stretch,semiacabado
SA0443,140.16,0.0,99.83000000000014,C,2046.34,0.0,99.94000000000013,C,SA,stretch,acabado
HA0311,122.4,0.0,99.83000000000014,C,1762.56,0.0,99.94000000000013,C,HA,shrink,acabado
IH0004,121.0,0.0,99.83000000000014,C,2003.76,0.0,99.94000000000013,C,IH,shrink,acabado
HA0259,96.4,0.0,99.83000000000014,C,962.07,0.0,99.94000000000013,C,HA,shrink,acabado
SA0472,88.0,0.0,99.83000000000014,C,1020.8,0.0,99.94000000000013,C,SA,stretch,acabado
HC0026,84.0,0.0,99.83000000000014,C,589.68,0.0,99.94000000000013,C,HC,shrink,acabado
HA0757,83.6,0.0,99.83000000000014,C,919.6,0.0,99.94000000000013,C,HA,shrink,acabado
HE0043,80.0,0.0,99.83000000000014,C,936.0,0.0,99.94000000000013,C,HE,shrink,semiacabado
HA0729,76.46,0.0,99.83000000000014,C,427.40999999999997,0.0,99.94000000000013,C,HA,shrink,acabado
IH0003,76.4,0.0,99.83000000000014,C,1032.93,0.0,99.94000000000013,C,IH,shrink,acabado
IS0006,66.2,0.0,99.83000000000014,C,784.48,0.0,99.94000000000013,C,IS,shrink,acabado
IH0010,66.0,0.0,99.83000000000014,C,937.86,0.0,99.94000000000013,C,IH,shrink,acabado
SZ0349,57.11,0.0,99.83000000000014,C,595.09,0.0,99.94000000000013,C,SZ,stretch,semiacabado
HZ0434,56.0,0.0,99.83000000000014,C,616.0,0.0,99.94000000000013,C,HZ,shrink,semiacabado
HI0075,56.0,0.0,99.83000000000014,C,375.2,0.0,99.94000000000013,C,HI,shrink,acabado
IH0058,55.8,0.0,99.83000000000014,C,588.69,0.0,99.94000000000013,C,IH,shrink,acabado
SA0467,51.3,0.0,99.83000000000014,C,335.5,0.0,99.94000000000013,C,SA,stretch,acabado
SA0340,28.5,0.0,99.83000000000014,C,187.25,0.0,99.94000000000013,C,SA,stretch,acabado
IH0017,27.6,0.0,99.83000000000014,C,380.6,0.0,99.94000000000013,C,IH,shrink,acabado
HA0778,1.2,0.0,99.83000000000014,C,13.2,0.0,99.94000000000013,C,HA,shrink,acabado
